,Element,Wavelength,Flag,KPF,PEPSI,HIRES,NEID,ESPADONS,ESPRESSO,FEROS
0,6,5052.13,0,8.409,8.42,8.413,8.405,8.4,8.457,8.332
1,6,5380.3,0,8.415,8.441,8.436,8.426,8.469,8.441,
2,6,6014.83,0,,8.476,8.514,8.417,8.523,8.437,8.479
3,6,6587.61,0,8.385,8.407,8.397,8.388,8.375,8.4,8.291
4,6,7113.18,0,8.329,8.296,8.266,8.226,8.305,8.327,8.437
5,6,7115.17,0,8.776,8.709,8.855,,8.819,8.847,
6,6,7116.99,0,8.464,8.464,8.431,8.429,8.459,8.47,8.607
7,6,7119.66,0,8.545,8.596,8.496,,8.528,8.473,9.427
8,6,8335.15,1,,,,,,,
9,7,7442.29,1,,,,,,,
10,7,8216.33,1,,,,,,,
11,7,8629.23,0,8.045,8.053,,8.042,,,8.144
12,7,8683.4,0,8.13,8.138,,,,,7.827
13,8,7771.94,0,8.868,8.867,8.904,8.864,8.881,8.878,8.793
14,8,7774.17,0,8.871,8.864,8.968,8.878,8.884,8.887,8.83
15,8,7775.39,0,8.847,8.848,8.823,8.848,8.85,8.846,8.763
16,11,4497.66,0,,,,,,,
17,11,5148.84,1,,,,,,,
18,11,5682.63,0,,6.585,6.484,6.578,6.485,6.576,6.45
19,11,5688.19,0,,6.52,6.583,,6.484,6.543,6.555
20,11,5889.95,1,,,,,,,
21,11,5895.92,1,,,,,,,
22,11,6154.23,0,6.29,6.287,6.285,6.299,6.305,6.296,6.273
23,11,6160.75,0,6.31,6.319,6.328,6.34,6.318,6.276,6.277
24,12,4571.1,1,,,,,,,
25,12,4730.03,1,,,,,,,
26,12,5183.6,0,,7.98,7.913,7.949,,7.959,7.911
27,12,5528.42,0,7.827,7.841,,7.831,,7.867,7.772
28,12,6319.24,1,,,,,,,
29,12,7387.69,1,,,,,,,
30,12,7564.45,1,,,,,,,
31,12,7657.6,1,,,,,,,
32,12,7759.3,0,7.328,7.34,7.429,7.358,7.382,7.339,7.344
33,12,7930.79,0,7.536,7.517,7.587,7.579,7.508,,
34,12,8047.72,0,7.453,7.493,,,7.377,,7.133
35,12,8159.13,0,7.641,7.634,,,7.678,,
36,12,8213.01,1,,,,,,,
37,12,8473.69,0,7.601,7.564,,7.694,7.588,,7.613
38,13,6696.02,0,6.257,6.255,6.249,6.258,6.243,6.281,6.214
39,13,6698.67,0,6.342,6.33,6.328,6.327,6.338,6.334,6.327
40,13,7083.97,1,,,,,,,
41,13,7361.57,1,,,,,,,
42,13,7362.3,1,,,,,,,
43,13,7835.31,0,6.428,6.479,,6.45,6.434,6.529,6.437
44,13,7836.13,0,6.488,6.541,,6.52,6.471,6.567,6.447
45,13,8065.97,1,,,,,,,
46,14,4782.99,0,7.067,7.087,7.089,7.038,7.083,7.078,7.056
47,14,4921.73,1,,,,,,,
48,14,4947.61,0,7.068,7.064,,7.034,7.071,7.061,7.006
49,14,5418.04,0,7.023,7.03,7.027,7.152,7.008,6.996,6.997
50,14,5517.53,0,7.386,7.381,7.392,7.365,7.399,7.39,7.406
51,14,5665.56,0,7.462,7.469,7.457,7.462,7.48,7.472,7.457
52,14,5684.48,0,7.346,7.342,7.331,7.354,7.332,7.354,7.294
53,14,5690.43,1,,,,,,,7.619
54,14,5701.1,0,7.576,7.575,7.573,7.555,7.559,7.578,7.486
55,14,5793.07,0,7.571,7.567,7.569,7.577,7.562,7.58,7.517
56,14,5873.76,0,7.21,7.157,7.157,7.139,7.216,7.157,7.165
57,14,5948.54,1,,,,,,,8.097
58,14,6087.7,0,7.473,7.483,7.504,7.465,7.489,7.477,7.499
59,14,6091.92,0,7.642,7.638,,7.631,7.653,7.631,7.621
60,14,6138.52,0,7.489,7.48,,7.479,7.502,7.495,7.46
61,14,6155.13,1,,,,,,,7.168
62,14,6194.42,0,7.738,7.756,7.752,7.752,7.734,7.749,7.706
63,14,6195.43,0,7.652,7.654,7.698,7.659,7.679,7.663,7.722
64,14,6220.21,0,7.538,7.516,7.529,7.543,7.58,7.516,7.5
65,14,6254.19,0,7.116,7.096,7.129,7.125,7.126,7.116,7.071
66,14,6279.34,1,,,,,,,
67,14,6299.58,1,,,,,,,
68,14,6310.28,1,,,,,,,
69,14,6350.55,0,7.414,7.41,7.459,,7.395,7.347,7.679
70,14,6394.24,1,,,,,,,
71,14,6407.29,0,7.568,7.598,7.572,7.594,8.025,7.613,
72,14,6414.98,0,7.584,7.589,7.572,7.568,7.58,7.595,7.556
73,14,6426.29,0,,7.664,,,,7.6,7.54
74,14,6437.7,0,7.854,7.94,,,7.945,7.918,7.879
75,14,6452.3,0,7.478,7.463,,7.351,7.494,7.483,7.236
76,14,6467,1,,,,,,,
77,14,6518.73,0,7.779,7.779,,7.897,7.79,7.856,
78,14,6526.63,0,7.619,7.653,,7.629,7.593,7.65,7.598
79,14,6527.2,0,7.734,,,7.721,,,7.718
80,14,6555.46,1,,,,,,,
81,14,6583.71,0,7.546,7.6,7.522,,7.609,7.532,7.778
82,14,6635.69,0,7.266,7.268,7.251,7.268,7.253,7.272,7.236
83,14,6721.85,0,7.388,7.374,7.374,7.387,7.371,7.383,7.349
84,14,6741.63,0,7.68,7.66,7.678,7.676,7.668,7.659,7.657
85,14,6762.18,0,7.039,7.061,,7.082,,7.122,7.192
86,14,6800.6,0,7.429,7.443,7.425,7.44,7.438,7.432,7.401
87,14,6953.06,0,7.466,7.927,7.96,,7.56,8.033,8.508
88,14,6976.51,0,7.487,7.498,7.459,7.487,7.499,7.582,7.481
89,14,6992.88,1,,,,,,,
90,14,7005.88,1,,,,,,,
91,14,7017.65,0,7.466,7.577,7.407,,7.444,7.398,7.927
92,14,7026.6,1,,,,,,,
93,14,7034.9,0,7.623,7.659,7.627,7.658,7.625,7.642,7.612
94,14,7055.93,0,7.525,7.506,,,7.545,7.571,
95,14,7087.29,0,7.51,,7.456,,7.368,7.473,7.091
96,14,7097.12,0,7.589,7.61,7.679,,7.608,7.648,7.588
97,14,7109.02,0,,,7.262,,7.11,,
98,14,7165.55,0,7.459,,7.573,,7.485,7.609,
99,14,7186.38,0,8.507,,,,8.503,,
100,14,7218.47,0,7.665,,7.747,,7.717,7.759,8.478
101,14,7226.21,0,7.641,7.636,7.706,,7.711,7.71,7.636
102,14,7235.82,0,7.523,8.507,,,,,
103,14,7250.14,1,,,,,,,
104,14,7250.63,1,,,,,,,
105,14,7275.29,1,,,,,,,
106,14,7290.27,1,,,,,,,
107,14,7330.11,1,,,,,,,
108,14,7330.88,1,,,,,,,
109,14,7343.23,1,,,,,,,
110,14,7373,1,,,,,,,
111,14,7375.25,0,7.716,7.711,7.727,7.696,7.717,7.712,
112,14,7395.52,1,,,,,,,
113,14,7405.77,0,7.658,7.667,7.658,7.683,7.656,7.673,7.647
114,14,7409.93,0,7.557,7.645,7.645,7.627,7.74,7.645,7.645
115,14,7415.35,0,,7.507,7.473,,7.499,7.434,7.562
116,14,7415.95,0,7.384,7.478,7.494,,7.417,7.449,7.553
117,14,7423.5,1,,,,,,,
118,14,7424.61,1,,,,,,,
119,14,7430.91,1,,,,,,,
120,14,7504.93,0,,7.216,,7.198,7.262,7.206,7.153
121,14,7557.69,0,7.716,7.748,7.725,7.732,7.718,7.771,7.68
122,14,7669.71,0,7.694,,,7.755,7.759,,
123,14,7680.27,0,7.659,7.672,,7.663,7.656,7.678,7.625
124,14,7688.4,1,,,,,,,8.507
125,14,7689.02,1,,,,,,,
126,14,7742.72,0,7.628,7.647,7.674,,7.668,7.659,7.607
127,14,7760.63,0,7.637,7.663,7.747,7.647,7.67,7.669,7.685
128,14,7797.56,1,,,,,,,
129,14,7849.97,0,7.769,7.776,,7.777,7.791,7.801,7.773
130,14,7925.85,0,7.037,7.069,7.054,7.067,7.077,,7.081
131,14,7932.35,1,,,,,,,
132,14,7944,0,7.779,7.889,7.765,,7.802,,7.803
133,14,7970.31,1,,,,,,,
134,14,8035.62,0,7.452,7.479,,,7.489,,7.768
135,14,8046.8,1,,,,,,,
136,14,8069.72,0,7.389,,,,7.349,,
137,14,8070.59,1,,,,,,,
138,14,8073.03,0,7.355,7.402,,7.421,7.38,,7.368
139,14,8093.23,1,,,,,,,
140,14,8215.12,1,,,,,,,
141,14,8338.33,1,,,,,,,
142,14,8412.36,1,,,,,,,
143,14,8443.97,0,7.618,7.58,,7.578,7.613,,7.572
144,14,8444.41,0,7.598,7.544,,7.548,7.577,,7.588
145,14,8510.25,0,7.595,7.622,,,7.649,,7.622
146,14,8556.78,0,7.788,7.866,,,7.837,,8.301
147,14,8595.96,0,7.674,7.697,,7.717,7.704,,7.669
148,14,8597.05,0,7.832,7.794,,7.802,7.763,,7.767
149,14,8646.37,0,7.815,7.81,,7.792,7.76,,7.858
150,14,8648.47,0,7.674,7.795,,7.687,7.683,,7.652
151,14,8686.35,0,7.809,7.844,,7.82,7.842,,7.761
152,16,6757.17,0,7.152,7.144,7.165,7.114,7.135,7.149,7.025
153,16,8693.93,1,,,,,,,
154,16,8694.63,0,7.068,7.129,,7.091,7.139,,7.071
155,16,9212.86,0,,,,8.112,7.589,,
156,19,5801.75,0,5.157,5.148,5.09,5.22,,5.139,4.967
157,19,6938.76,1,,,,,,,
158,20,4685.27,1,,,,,,,
159,20,4840.29,0,6.332,,,,,,
160,20,4840.31,0,6.317,,,,,,
161,20,4847.31,0,6.142,6.207,,6.189,6.141,6.183,6.078
162,20,4878.13,1,,,,,,,
163,20,5188.84,1,,,,,,,
164,20,5261.7,1,,,,,,,
165,20,5262.24,0,,6.233,6.155,6.225,,6.22,6.012
166,20,5349.47,1,,,,,,,
167,20,5512.98,1,,,,,,,
168,20,5581.97,1,,,,,,,
169,20,5588.72,1,,,,,,,
170,20,5594.46,0,,6.116,6.073,6.09,6.127,6.106,6.084
171,20,5598.48,1,,,,,,,
172,20,5601.28,1,,,,,,,
173,20,5857.45,0,6.447,6.462,6.465,6.451,6.46,6.458,6.448
174,20,5867.56,0,6.275,6.295,6.266,6.39,6.255,6.266,6.321
175,20,6122.22,0,6.595,6.646,6.612,6.65,6.605,6.611,6.577
176,20,6156.02,1,,,,,,,
177,20,6161.3,0,,6.674,6.655,6.659,,6.682,6.546
178,20,6162.17,0,6.637,6.683,6.67,6.681,,6.685,6.633
179,20,6163.76,0,6.362,6.373,6.352,6.36,6.333,6.368,6.297
180,20,6166.44,0,6.354,6.327,6.354,6.332,6.33,6.33,6.304
181,20,6169.04,1,,,,,,,
182,20,6169.56,1,,,,,,,
183,20,6439.08,0,6.152,6.167,,6.2,,6.172,6.151
184,20,6455.6,0,6.278,6.312,,6.33,6.28,6.4,6.257
185,20,6462.57,0,6.203,6.22,,,6.167,6.239,6.296
186,20,6464.67,0,6.12,6.122,,,6.197,6.115,
187,20,6471.66,0,6.255,6.247,,6.241,,6.327,6.17
188,20,6499.65,0,6.289,6.341,,,6.267,6.403,6.367
189,20,6508.85,1,,,,,,,
190,20,6572.78,0,6.302,6.324,6.299,6.309,6.305,6.313,6.273
191,20,7326.15,0,6.352,6.358,6.357,,6.318,6.442,6.42
192,20,8173.29,1,,,,,,,
193,20,8542.07,0,6.46,6.48,,6.543,6.457,,
194,22,4492.53,0,5.372,5.39,5.352,5.388,5.357,5.373,5.277
195,22,4503.76,0,5.294,5.369,5.339,5.378,5.332,5.423,5.261
196,22,4534.78,1,,,,,,,
197,22,4548.11,0,4.822,4.965,4.901,4.917,4.924,4.989,5.044
198,22,4559.92,0,,4.703,4.683,4.744,4.704,4.648,4.661
199,22,4562.63,0,4.922,4.915,4.894,4.904,4.912,4.914,4.868
200,22,4570.9,0,,4.989,5.016,,5.011,5.029,4.846
201,22,4572.77,1,,,,,,,
202,22,4617.27,0,4.805,4.918,4.71,4.827,4.729,4.927,4.706
203,22,4681.91,1,,,,,,,
204,22,4686.86,0,,5.042,4.917,,4.977,4.981,4.841
205,22,4696.93,0,,,5.11,,,5.142,4.9
206,22,4715.3,0,4.825,4.714,4.836,,4.985,4.762,4.934
207,22,4722.61,0,4.947,4.979,4.896,4.945,4.942,4.977,4.902
208,22,4747.67,1,,,,,,,
209,22,4758.12,1,,,,,,,
210,22,4778.23,0,4.76,4.759,4.724,4.769,4.729,4.764,4.726
211,22,4781.71,0,4.764,4.802,4.779,,4.816,4.759,4.764
212,22,4820.41,0,4.791,4.791,,4.801,4.813,4.832,4.793
213,22,4832.04,0,3.968,,,,,,
214,22,4836.12,0,4.754,4.93,,4.865,4.825,4.92,4.746
215,22,4840.87,1,,,,,,,
216,22,4870.13,0,4.699,,,4.664,,4.751,4.673
217,22,4880.9,1,,,,,,,
218,22,4893.05,1,,,,,,,
219,22,4915.23,1,,,,,,,
220,22,4921.76,0,,4.936,,,,5.07,4.854
221,22,4925.4,0,,4.937,,4.935,4.891,4.96,4.867
222,22,4926.15,0,,4.874,,,4.964,4.941,4.78
223,22,4928.34,0,,5.937,,,5.947,5.949,5.947
224,22,4964.72,1,,,,,,,
225,22,4981.73,0,4.909,5,4.934,4.935,4.923,5.049,4.848
226,22,4989.14,0,4.923,4.929,4.925,4.965,4.519,4.931,4.892
227,22,5009.66,0,4.889,4.939,4.914,4.886,4.921,4.977,4.893
228,22,5013.28,0,,5.947,5.207,5.069,5.131,5.947,5.21
229,22,5024.84,1,,,,,,,
230,22,5025.57,0,5.255,,5.248,5.193,5.314,5.929,5.253
231,22,5043.58,0,4.973,,4.975,4.872,4.98,4.977,4.882
232,22,5062.1,0,4.817,4.841,4.836,4.836,4.842,4.841,4.808
233,22,5064.01,0,,,,5.029,5.949,,
234,22,5071.47,0,,,5.086,,5.164,5.152,4.978
235,22,5120.42,0,4.823,4.836,4.835,4.843,4.862,4.819,4.891
236,22,5147.48,0,4.801,4.836,4.812,4.792,4.786,4.836,4.726
237,22,5152.18,0,4.788,4.788,4.805,4.82,4.804,4.797,4.765
238,22,5193.88,0,4.835,4.841,4.822,4.865,4.818,4.828,4.787
239,22,5201.08,1,,,,,,,
240,22,5212.24,0,5.27,5.294,5.235,5.315,3.969,3.952,5.191
241,22,5219.7,0,,3.955,3.952,3.955,,3.955,
242,22,5223.62,0,4.922,4.931,4.921,4.916,4.95,4.937,4.927
243,22,5238.54,0,4.676,4.688,4.643,4.694,4.65,4.662,4.623
244,22,5248.38,0,5.337,5.335,5.293,5.403,5.323,5.338,5.363
245,22,5259.97,1,,,,,,,
246,22,5295.78,0,4.915,4.896,4.882,,4.915,4.896,4.897
247,22,5351.07,0,4.917,4.951,5.009,4.917,4.839,4.935,4.888
248,22,5384.63,0,,5.184,5.245,5.253,5.24,5.256,5.219
249,22,5426.25,0,4.96,4.973,4.935,4.891,,4.999,4.953
250,22,5436.69,0,,,4.747,,,5.948,4.353
251,22,5438.3,1,,,,,,,
252,22,5449.15,0,,4.791,4.813,,4.774,4.815,
253,22,5460.5,0,5.121,5.077,5.224,5.088,5.196,5.07,5.205
254,22,5471.19,0,4.885,4.84,4.863,4.753,5.175,4.816,4.887
255,22,5472.69,0,,5.459,5.431,,5.484,5.45,5.476
256,22,5477.69,0,4.845,4.838,4.86,4.864,4.934,4.824,4.84
257,22,5488.19,0,4.903,4.907,4.848,4.893,4.939,4.907,4.915
258,22,5490.13,0,4.818,4.816,4.827,4.804,4.882,4.816,4.799
259,22,5490.7,0,4.829,4.847,4.842,4.833,4.849,4.855,4.803
260,22,5511.78,0,4.808,4.823,4.837,4.776,4.852,4.802,4.788
261,22,5514.34,0,4.927,4.958,4.973,4.958,4.96,4.952,4.928
262,22,5565.47,0,4.86,4.878,4.904,4.883,4.909,4.901,4.868
263,22,5648.57,0,4.863,4.88,4.879,4.886,4.896,4.894,4.881
264,22,5679.92,0,4.766,4.767,4.743,4.853,,4.744,4.796
265,22,5689.46,1,,,,,,,
266,22,5715.12,0,4.983,4.998,4.965,,4.863,5.053,4.713
267,22,5716.45,0,4.818,4.798,4.842,4.78,4.788,4.826,4.783
268,22,5720.44,1,,,,,,,
269,22,5739.47,1,,,,,,,
270,22,5766.36,0,4.892,4.889,4.838,4.955,4.887,4.855,4.869
271,22,5804.26,0,4.871,4.868,4.869,4.859,4.881,4.86,4.839
272,22,5823.69,0,4.807,4.819,4.838,4.8,4.86,4.801,4.912
273,22,5852.25,0,4.965,4.975,4.968,,4.908,4.924,4.842
274,22,5866.45,0,4.829,4.836,4.823,4.804,4.821,4.853,4.776
275,22,5903.32,0,4.94,4.891,5.149,,4.94,5.048,
276,22,5918.54,0,,,5.174,5.946,5.025,5.215,5.946
277,22,5937.81,0,4.904,4.858,4.933,,,4.901,5.38
278,22,5940.65,0,,3.981,,,,5.948,
279,22,5965.83,0,4.886,4.872,4.899,4.914,4.874,4.931,4.866
280,22,5978.54,0,4.889,4.875,4.893,4.878,4.876,4.898,4.852
281,22,6064.63,0,4.947,4.942,4.921,4.834,,4.943,4.926
282,22,6091.17,0,4.826,4.806,4.849,4.806,,4.822,4.767
283,22,6098.66,0,4.824,4.828,4.749,4.814,,4.812,4.822
284,22,6121,0,4.734,4.735,4.74,,4.756,4.736,4.85
285,22,6126.22,0,4.989,4.985,4.969,4.98,4.986,4.984,4.95
286,22,6221.3,0,3.953,,,,,,
287,22,6258.71,0,4.963,5.014,4.866,4.979,4.905,5.014,4.925
288,22,6261.1,0,4.961,4.955,4.945,5.007,4.961,4.949,4.976
289,22,6312.24,0,4.871,4.868,4.84,4.769,,4.881,4.839
290,22,6336.1,0,,5.334,5.298,5.021,5.452,5.282,
291,22,6554.22,0,4.841,,4.852,5.17,4.921,4.882,5.017
292,22,6556.06,0,4.837,,,,,,
293,22,6575.01,1,,,,,,,
294,22,6599.11,0,4.965,4.968,4.983,,5.003,4.994,5.016
295,22,6743.12,0,4.769,4.768,4.743,4.766,,4.767,4.757
296,22,6745.55,0,,4.945,4.994,4.948,4.92,4.949,4.894
297,22,7008.37,0,,5.365,4.777,,5.154,4.707,3.963
298,22,7038.81,0,,,5.732,,5.292,,5.946
299,22,7138.9,0,4.846,4.831,4.862,4.803,,4.884,4.754
300,22,7188.57,0,,5.072,4.989,4.909,,4.929,
301,22,7216.18,1,,,,,,,
302,22,7251.71,0,,5.948,,,,,
303,22,7271.51,1,,,,,,,
304,22,7299.68,0,,,5.948,,,5.94,
305,22,7337.73,0,,4.632,,,4.557,4.624,5.065
306,22,7344.7,0,,,,5.945,,4.892,5.927
307,22,7357.73,1,,,,,,,
308,22,7489.58,1,,,,,,,
309,22,7496.1,0,4.769,4.783,,4.752,4.811,4.807,4.793
310,22,7580.26,0,,,4.907,,,,
311,22,7949.15,0,4.779,4.846,4.94,4.827,4.85,,4.701
312,22,7978.82,0,4.841,4.853,,4.874,,,4.831
313,22,8068.24,0,4.885,4.819,,,4.911,,
314,22,8364.24,0,4.893,4.878,,4.878,,,4.84
315,22,8382.53,0,4.972,4.974,,4.962,,,4.901
316,22,8382.78,0,4.894,4.937,,4.939,4.923,,4.857
317,22,8396.9,1,,,,,,,
318,22,8412.36,0,5.045,5.025,,5.024,5.023,,5.058
319,22,8434.99,0,5.061,,,,5.178,,5.177
320,22,8435.65,0,5.029,,,,5.007,,5.094
321,22,8438.92,0,,4.976,,,4.673,,4.394
322,22,8450.89,1,,,,,,,
323,22,8518.35,0,5.156,5.183,,5.159,5.181,,5.134
324,22,8675.37,0,4.838,,,4.742,4.918,,4.811
325,22,8682.98,0,4.823,4.825,,4.818,,,4.688
326,22,8692.33,0,4.929,4.874,,4.86,4.882,,4.932
327,22,10396.8,1,,,,,,,
328,22,10607.72,1,,,,,,,
329,22,10732.86,1,,,,,,,
330,26,4485.67,0,7.058,7.202,7.074,7.06,7.12,7.212,7.082
331,26,4490.08,1,,,,,,,
332,26,4490.76,1,,,,,,,
333,26,4492.68,0,7.432,7.511,7.423,7.441,7.422,7.485,7.431
334,26,4493.37,0,7.641,,7.789,,7.707,7.938,7.807
335,26,4502.59,0,7.448,7.481,7.463,7.477,7.488,7.499,7.448
336,26,4508.69,0,7.642,7.664,7.617,7.584,7.678,7.686,7.63
337,26,4509.73,0,7.521,7.529,7.528,7.536,7.543,7.537,7.508
338,26,4517.52,0,7.209,7.246,7.203,,7.219,7.23,7.159
339,26,4523.4,0,,,7.443,7.479,7.393,7.497,7.389
340,26,4525.86,0,,7.777,7.757,,7.505,7.94,7.456
341,26,4527.78,0,7.719,,,,,7.867,
342,26,4531.63,0,7.4,7.579,7.384,7.626,7.407,,7.361
343,26,4537.67,0,6.505,,,,,,
344,26,4541.94,0,7.443,7.583,7.473,7.446,,7.594,
345,26,4551.65,0,,8.495,,7.586,7.633,8.495,7.551
346,26,4556.92,0,,7.454,7.441,7.445,7.464,7.479,7.463
347,26,4561.2,0,7.275,7.314,7.219,7.276,,7.344,7.188
348,26,4561.44,0,7.337,7.391,7.258,7.295,7.325,7.41,7.26
349,26,4572.86,0,,7.639,7.649,7.505,7.725,7.643,7.663
350,26,4574.22,0,7.38,7.418,7.362,7.391,7.397,7.453,7.361
351,26,4575.78,0,,7.595,7.413,7.475,7.483,7.589,7.458
352,26,4598.73,0,,,7.697,,,,7.531
353,26,4607.09,0,,7.79,7.582,7.795,7.662,7.81,7.821
354,26,4612.56,0,,8.496,8.355,,8.327,7.977,8.257
355,26,4630.12,0,7.227,7.322,7.205,,7.23,7.39,7.177
356,26,4631.49,0,,6.503,6.573,,6.615,6.541,6.569
357,26,4633.7,0,7.369,7.388,7.363,7.389,7.382,7.386,7.313
358,26,4635.85,0,7.432,7.421,7.399,7.405,7.426,7.429,7.44
359,26,4636.67,0,7.492,7.517,7.538,,7.584,7.524,7.437
360,26,4638.54,0,7.37,7.459,7.342,7.396,7.408,7.478,7.223
361,26,4650.31,0,7.428,7.534,7.402,7.427,7.497,7.518,7.323
362,26,4657.59,0,7.321,7.347,7.303,7.339,7.335,7.347,7.295
363,26,4658.29,0,7.411,7.431,7.41,7.461,7.445,7.411,7.387
364,26,4661.32,1,,,,,,,
365,26,4661.54,0,7.525,7.53,7.455,7.493,7.487,7.526,7.406
366,26,4661.97,0,7.507,7.521,7.452,7.479,7.483,7.491,7.393
367,26,4663.18,0,7.619,,7.585,7.583,7.667,7.651,7.522
368,26,4665.26,0,,7.718,7.558,7.488,7.667,7.725,7.626
369,26,4681.44,0,7.334,7.673,7.271,7.267,7.277,7.646,7.254
370,26,4685.02,0,7.939,8.077,8.035,,8.08,8.093,8.003
371,26,4696.02,0,,,7.933,7.549,7.961,7.452,7.834
372,26,4700.19,0,,7.433,7.322,7.424,7.342,7.356,7.28
373,26,4701.05,0,,7.558,7.437,7.427,,7.468,7.31
374,26,4705.46,0,,,7.458,,7.529,7.556,7.439
375,26,4720.56,0,7.45,7.445,7.49,7.49,7.445,7.457,7.415
376,26,4720.96,0,7.506,7.513,7.547,,7.489,7.503,7.476
377,26,4726.14,0,7.189,7.221,7.225,7.225,7.209,7.197,7.17
378,26,4742.55,0,7.605,7.617,7.511,7.59,,7.65,7.525
379,26,4772.8,0,7.286,7.322,7.25,7.274,7.328,7.329,7.314
380,26,4779.44,0,7.537,7.52,7.51,7.511,,7.534,7.48
381,26,4780.81,0,7.395,7.363,7.374,7.41,7.401,7.384,7.329
382,26,4781.74,0,,,7.53,,7.696,,7.491
383,26,4785.96,0,,7.62,7.511,,7.579,7.574,7.499
384,26,4793.96,1,,,,,,,
385,26,4794.35,0,7.524,7.51,,7.54,7.499,7.509,7.457
386,26,4799.41,0,7.767,7.797,,,7.791,7.838,7.715
387,26,4809.93,0,,,,,7.461,7.492,7.76
388,26,4813.72,0,7.479,7.474,,7.525,7.552,7.601,7.526
389,26,4822.33,0,7.178,7.216,,7.275,7.186,7.202,7.181
390,26,4832.04,0,7.298,,,,7.507,7.642,
391,26,4832.68,0,7.373,7.46,,7.39,7.356,7.459,7.366
392,26,4835.87,0,7.47,7.559,,7.551,7.499,7.557,7.448
393,26,4844.01,0,7.18,7.213,,7.224,7.168,7.206,7.147
394,26,4845.61,0,7.368,7.416,,7.41,7.387,7.384,7.38
395,26,4848.88,0,7.484,,,,7.488,7.57,7.457
396,26,4869.46,0,7.541,,,7.5,,7.551,7.642
397,26,4874.35,0,7.529,,,,7.535,7.531,7.497
398,26,4875.03,0,7.341,,,,7.344,7.515,7.298
399,26,4877.6,1,,,,,,,
400,26,4905.13,0,7.122,7.128,,7.131,7.117,7.136,7.098
401,26,4908.6,0,,7.635,,7.567,7.556,7.597,7.449
402,26,4912.5,0,7.38,7.48,,,7.445,7.437,7.423
403,26,4916.66,0,7.806,7.961,,7.87,7.985,7.984,
404,26,4923.16,0,,7.675,,7.553,7.633,7.691,8.218
405,26,4952.61,1,,,,,,,
406,26,4960.31,0,,7.817,,7.795,7.775,7.785,7.838
407,26,4962.57,0,,7.404,,7.374,7.391,7.467,7.332
408,26,4977.65,0,7.62,7.607,7.627,7.597,7.646,7.635,7.587
409,26,4979.54,0,7.579,7.635,,,7.587,7.74,7.619
410,26,4991.87,1,,,,,,,
411,26,4993.75,0,7.303,7.304,7.277,7.303,,7.321,7.238
412,26,5007.73,0,7.336,7.411,7.328,,7.364,,7.357
413,26,5008.64,0,,7.422,7.32,7.405,7.42,7.38,7.319
414,26,5031.91,0,,7.637,7.643,,7.649,7.679,7.575
415,26,5036.92,0,7.406,7.475,7.441,,7.42,7.523,7.382
416,26,5054.64,0,7.535,7.539,7.527,7.545,7.555,7.547,7.542
417,26,5060.04,0,7.421,7.44,7.429,7.482,7.419,7.406,7.495
418,26,5071.51,1,,,,,,,
419,26,5086.23,0,,7.533,7.427,7.624,7.459,7.515,7.418
420,26,5088.15,0,7.654,7.662,7.659,7.666,7.668,7.662,7.647
421,26,5108.4,0,,7.578,7.669,,,7.595,7.504
422,26,5119.9,0,7.514,7.542,7.437,7.504,7.434,7.506,7.464
423,26,5143.72,0,7.441,7.458,7.453,7.453,7.481,7.469,7.408
424,26,5150.12,1,,,,,,,
425,26,5177.23,0,7.57,,7.559,7.604,7.568,7.634,7.55
426,26,5178.8,0,7.64,7.656,7.614,7.663,7.624,7.639,7.593
427,26,5213.34,0,7.558,7.531,7.528,7.535,7.521,7.528,7.415
428,26,5214.61,1,,,,,,,
429,26,5231.4,0,7.322,7.395,7.4,7.385,7.411,7.42,7.347
430,26,5236.2,0,7.529,7.529,7.525,7.512,7.522,7.537,7.5
431,26,5256.99,0,7.189,7.18,7.193,7.167,,7.193,7.154
432,26,5257.58,0,7.78,7.802,7.787,,,7.765,7.759
433,26,5279.66,0,7.334,7.296,7.413,,7.297,7.32,7.883
434,26,5285.13,0,7.63,7.631,7.604,7.631,7.633,7.621,7.593
435,26,5290.8,0,7.489,7.461,7.471,7.571,7.495,7.471,7.376
436,26,5293.03,0,7.484,7.492,7.409,7.391,7.506,7.535,7.441
437,26,5294.55,0,6.754,,,,,,
438,26,5295.31,0,7.6,7.592,7.583,7.602,7.591,7.588,7.553
439,26,5318.73,0,7.308,7.367,7.391,7.303,7.322,7.33,7.285
440,26,5320.04,0,7.469,7.461,7.464,7.472,7.464,7.465,7.419
441,26,5321.11,0,7.599,7.608,7.621,7.601,7.6,7.598,7.574
442,26,5326.81,0,,7.43,7.433,7.396,7.493,7.423,7.424
443,26,5374.77,0,,7.723,7.723,,7.659,7.712,7.806
444,26,5376.83,0,7.624,7.621,7.605,7.618,,7.606,7.572
445,26,5385.58,0,7.357,7.363,7.311,7.35,7.351,7.361,7.347
446,26,5386.96,0,7.487,7.514,7.467,,7.457,7.533,7.463
447,26,5387.48,0,7.462,7.456,7.466,7.452,7.456,7.465,7.483
448,26,5395.22,0,7.826,7.837,7.816,7.84,7.895,7.878,7.756
449,26,5398.81,0,7.387,7.436,7.478,7.441,7.485,7.436,7.406
450,26,5401.27,0,7.541,7.569,7.552,7.589,7.58,7.58,7.524
451,26,5406.34,0,7.591,7.625,7.587,7.632,7.552,7.647,7.521
452,26,5406.78,0,7.541,7.544,7.538,7.539,7.582,7.55,7.559
453,26,5443.41,1,,,,,,,
454,26,5452.09,0,7.648,7.719,7.73,7.706,7.664,7.706,7.823
455,26,5456.57,0,7.447,7.5,7.425,,7.47,7.48,7.55
456,26,5460.87,0,7.517,7.527,7.539,7.524,7.545,7.543,7.517
457,26,5464.28,0,7.6,7.606,7.608,7.563,7.601,7.623,7.565
458,26,5477.77,0,7.312,7.386,7.355,7.446,7.255,7.415,7.272
459,26,5478.46,0,7.438,7.429,7.46,7.449,,7.451,7.436
460,26,5487.15,0,7.837,7.95,7.708,7.874,7.74,7.883,7.648
461,26,5491.84,0,7.57,7.577,7.566,7.581,,7.625,7.533
462,26,5499.59,0,7.373,7.401,7.346,,7.361,7.513,7.404
463,26,5508.41,0,7.359,7.36,7.339,7.346,7.345,7.351,7.367
464,26,5516.28,0,7.303,7.286,7.372,7.257,7.363,7.296,7.319
465,26,5521.29,0,7.526,7.52,7.523,7.513,7.519,7.53,7.499
466,26,5522.45,0,7.553,7.545,7.551,7.55,7.554,7.55,7.541
467,26,5531.98,0,7.656,7.671,,7.687,7.682,7.745,7.628
468,26,5536.58,0,7.33,7.365,7.22,7.375,,7.434,7.37
469,26,5539.28,0,7.504,7.511,7.497,7.504,7.525,7.531,7.463
470,26,5539.82,0,7.566,7.582,7.569,7.577,7.571,7.589,7.523
471,26,5546.51,0,7.505,7.522,7.545,7.529,7.541,7.525,7.486
472,26,5546.99,0,7.525,7.537,7.539,7.538,7.538,7.553,7.516
473,26,5549.95,1,,,,,,,
474,26,5557.9,0,7.386,7.392,7.366,7.394,7.378,7.388,7.365
475,26,5559.6,0,,,7.958,7.834,,,
476,26,5561.24,0,7.411,7.418,7.401,7.431,7.443,7.427,7.482
477,26,5566.72,0,,7.564,7.601,7.513,,7.535,
478,26,5574.39,0,,7.632,,,,7.695,
479,26,5577.03,0,7.481,7.473,7.261,7.486,,7.47,7.48
480,26,5579.34,0,7.625,7.624,,,7.476,7.625,7.488
481,26,5584.77,0,7.288,7.342,7.333,7.395,7.329,7.363,7.332
482,26,5592.65,0,7.143,7.184,7.068,7.171,7.193,7.137,7.192
483,26,5603.74,0,7.568,7.57,7.553,7.526,7.571,7.581,7.555
484,26,5607.66,0,7.427,7.427,7.455,7.449,7.45,7.456,7.407
485,26,5608.97,0,7.54,7.528,7.544,7.533,7.527,7.532,7.513
486,26,5611.36,0,7.492,7.48,7.498,7.484,,7.477,7.52
487,26,5611.67,0,7.47,7.475,7.483,7.46,,7.467,7.491
488,26,5613.71,0,7.763,7.713,7.734,7.708,7.801,7.736,7.793
489,26,5619.6,0,7.522,7.516,7.497,7.444,,7.52,7.45
490,26,5622.95,0,7.648,7.631,7.697,,7.653,7.658,7.776
491,26,5626.84,0,,6.937,7.039,,6.978,6.955,7.058
492,26,5635.79,0,7.55,7.58,7.636,7.606,7.602,7.576,7.559
493,26,5636.24,0,7.593,7.584,7.62,7.604,7.598,7.576,7.561
494,26,5636.7,0,7.412,7.415,7.406,7.427,,7.421,7.395
495,26,5639.32,1,,,,,,,
496,26,5642.75,0,7.627,7.632,7.601,7.62,7.633,7.652,7.588
497,26,5645.83,0,7.388,7.382,7.356,7.389,7.388,7.398,7.332
498,26,5649.63,0,7.529,7.574,7.517,7.551,,7.575,7.5
499,26,5649.99,0,7.57,7.606,7.563,7.592,7.567,7.592,7.556
500,26,5650.71,0,7.67,7.663,7.666,7.671,7.672,7.675,7.655
501,26,5651.47,0,7.673,7.665,7.671,7.666,,7.688,7.658
502,26,5652.32,0,7.634,7.632,7.646,7.633,7.643,7.63,7.641
503,26,5653.87,0,7.701,7.712,7.703,7.701,7.718,7.75,7.722
504,26,5659.58,0,,7.814,7.974,,7.241,7.825,7.201
505,26,5661.97,0,7.636,7.775,7.691,7.771,7.832,7.765,7.666
506,26,5665.64,0,7.372,7.394,7.374,7.383,7.336,7.405,7.255
507,26,5677.68,0,7.524,7.491,7.543,7.518,7.513,7.502,7.449
508,26,5678.38,1,,,,,,,
509,26,5678.6,0,7.559,7.59,7.588,7.589,,7.608,7.539
510,26,5680.24,0,7.694,7.705,7.713,7.654,7.719,7.704,7.638
511,26,5691.5,0,7.537,7.561,7.532,7.551,7.558,7.551,7.532
512,26,5696.09,0,7.551,7.558,7.532,7.635,,7.538,7.638
513,26,5702.35,0,7.393,7.456,7.369,7.42,7.366,7.489,7.272
514,26,5704.73,0,7.308,7.307,7.311,7.292,7.312,7.309,7.309
515,26,5707.05,1,,,,,,,7.453
516,26,5709.93,0,7.556,7.558,7.606,7.554,7.637,7.558,7.518
517,26,5714.55,0,7.211,7.169,7.191,,7.221,7.169,7.12
518,26,5720.84,0,7.518,7.498,7.489,7.509,7.511,7.496,7.475
519,26,5721.71,0,7.27,7.217,7.247,,7.206,7.304,
520,26,5724.45,0,7.36,7.352,7.358,7.372,7.335,7.371,7.392
521,26,5730.85,0,7.442,7.439,7.439,7.445,7.465,7.452,7.437
522,26,5732.3,0,7.602,7.62,7.602,7.62,7.607,7.644,7.619
523,26,5734.56,0,7.197,7.207,7.189,7.211,7.216,7.191,7.212
524,26,5738.23,0,7.394,7.396,7.385,7.459,7.393,7.395,7.361
525,26,5741.85,0,7.532,7.527,7.553,7.521,7.529,7.559,7.497
526,26,5742.96,0,7.583,7.547,7.561,7.509,7.536,7.575,7.541
527,26,5743.93,1,,,,,,,
528,26,5759.51,0,7.485,7.48,7.464,7.466,7.497,7.479,7.444
529,26,5767.97,1,,,,,,,
530,26,5773.45,0,7.522,7.508,7.232,,7.619,7.514,7.508
531,26,5773.97,1,,,,,,,
532,26,5778.45,0,7.532,7.516,7.518,7.52,,7.525,7.508
533,26,5791.52,0,7.232,7.389,7.338,7.327,7.243,7.399,7.167
534,26,5793.92,0,7.52,7.509,7.511,7.519,7.51,7.516,7.48
535,26,5805.76,0,7.472,7.442,7.483,7.442,7.524,7.508,7.654
536,26,5809.16,0,7.443,7.441,7.422,7.442,,7.454,7.384
537,26,5811.92,0,7.526,7.504,7.483,7.498,,7.525,7.406
538,26,5815.22,0,7.445,7.439,7.422,7.443,7.444,7.448,
539,26,5821.89,0,7.546,7.625,7.616,7.616,7.622,7.646,7.476
540,26,5826.64,0,7.62,7.557,7.582,7.563,7.586,7.563,7.47
541,26,5827.45,0,7.68,7.708,7.723,7.689,7.743,7.729,7.667
542,26,5827.84,0,7.719,7.763,7.746,7.713,7.782,7.772,7.713
543,26,5833.93,0,7.38,7.38,7.351,7.427,7.363,7.359,7.371
544,26,5835.1,0,7.318,7.327,7.319,7.289,7.342,7.326,7.274
545,26,5835.42,0,7.539,7.55,7.54,7.524,7.555,7.55,7.512
546,26,5837.7,0,7.453,7.493,7.55,7.512,7.548,7.514,7.48
547,26,5838.37,0,7.5,7.529,7.538,7.524,7.573,7.533,7.504
548,26,5844.92,0,7.499,7.502,7.48,7.481,7.513,7.501,7.462
549,26,5845.29,0,7.481,7.468,7.512,7.446,7.48,7.497,7.387
550,26,5852.22,0,7.547,7.553,7.536,7.548,7.546,7.558,7.527
551,26,5853.15,0,7.588,7.563,7.557,7.568,7.622,7.563,7.548
552,26,5855.08,0,7.661,7.661,7.655,7.649,7.674,7.682,7.625
553,26,5856.09,0,7.525,7.522,7.511,7.515,7.519,7.516,7.48
554,26,5858.27,0,,7.533,7.488,7.542,7.422,7.515,7.512
555,26,5861.11,0,7.528,7.519,7.524,7.55,7.545,7.561,7.471
556,26,5873.21,0,7.612,7.58,7.645,7.647,7.619,7.603,7.618
557,26,5877.79,0,7.506,7.492,7.489,7.473,7.493,7.5,7.409
558,26,5879.49,0,7.607,7.634,7.368,,7.639,7.226,7.552
559,26,5881.2,0,7.483,7.467,7.489,,7.482,7.5,7.562
560,26,5881.75,0,,7.527,7.773,,,7.549,
561,26,5902.47,0,7.464,7.433,7.439,,7.484,7.456,7.395
562,26,5927.79,0,7.432,7.463,7.481,7.51,7.409,7.52,7.436
563,26,5929.68,0,7.61,7.636,7.615,7.602,7.628,7.653,7.498
564,26,5933.8,0,7.496,7.461,7.523,7.551,,7.47,7.825
565,26,5978.89,0,7.369,7.357,7.321,7.402,7.346,7.346,7.418
566,26,6007.96,1,,,,,,,
567,26,6012.21,0,,7.696,7.813,7.681,7.686,7.795,7.72
568,26,6018.27,0,7.826,7.842,7.852,7.852,,7.835,7.829
569,26,6019.37,1,,,,,,,
570,26,6027.05,0,7.51,7.446,7.445,7.442,7.451,7.457,7.396
571,26,6034.04,0,7.537,7.52,7.482,7.527,7.532,7.52,7.509
572,26,6035.29,0,7.535,7.508,7.507,7.518,7.519,7.518,7.566
573,26,6057.25,0,7.395,7.393,7.374,7.374,7.399,7.404,7.317
574,26,6062.85,0,7.485,7.497,7.512,7.494,7.52,7.497,7.557
575,26,6079.01,0,7.617,7.739,7.602,7.642,7.577,7.739,7.546
576,26,6085.26,0,7.473,7.455,7.449,7.449,7.452,7.471,7.411
577,26,6093.64,0,7.606,7.6,7.632,7.586,,7.589,7.561
578,26,6094.37,0,7.813,7.799,,7.799,7.803,7.798,7.771
579,26,6098.24,0,7.584,7.562,7.561,7.57,7.567,7.557,7.561
580,26,6100.24,0,7.449,7.434,7.392,7.43,7.446,7.434,7.396
581,26,6105.13,0,7.62,7.591,7.624,7.586,7.616,7.604,7.577
582,26,6120.25,0,7.445,7.476,7.45,7.446,7.459,7.473,7.422
583,26,6127.91,0,7.31,7.286,7.339,7.317,7.32,7.286,7.296
584,26,6139.64,0,,7.451,7.5,7.443,,7.471,7.538
585,26,6156.37,1,,,,,,,
586,26,6156.81,0,7.188,7.218,7.194,,7.252,7.301,7.069
587,26,6159.37,0,7.52,7.513,7.511,7.52,7.525,7.513,7.493
588,26,6165.36,0,7.465,7.446,7.483,7.474,7.458,7.446,7.439
589,26,6186.72,0,7.584,7.711,7.714,7.653,7.486,7.688,7.523
590,26,6187.4,1,,,,,,,
591,26,6198.57,1,,,,,,,
592,26,6202.31,1,,,,,,,
593,26,6208.21,0,8.018,8.02,8.023,,8.205,8.048,7.938
594,26,6220.78,0,7.604,7.623,7.602,7.604,7.592,7.623,7.537
595,26,6221.37,0,7.635,7.504,7.526,7.508,,7.521,7.426
596,26,6226.73,0,7.496,7.498,7.496,7.514,,7.469,7.499
597,26,6229.23,0,7.45,7.443,7.437,7.443,,7.437,7.412
598,26,6251.21,0,8.489,,,,,,
599,26,6303.75,0,7.414,7.432,7.522,7.454,,7.462,7.358
600,26,6351.27,0,7.615,7.548,7.603,,7.563,7.662,7.837
601,26,6364.36,0,7.59,7.582,7.514,7.544,,7.576,7.542
602,26,6383.71,0,7.498,7.474,7.472,7.451,7.504,7.49,7.439
603,26,6385.72,0,7.54,7.528,7.521,7.546,7.543,7.542,7.518
604,26,6392.54,0,7.49,7.489,7.46,7.524,7.479,7.49,7.445
605,26,6416.93,0,7.155,7.162,7.143,7.197,7.153,7.148,7.146
606,26,6436.41,0,7.529,7.517,,7.523,,7.499,7.465
607,26,6509.62,0,7.456,7.451,,,7.47,7.478,7.515
608,26,6551.68,1,,,,,,,
609,26,6556.79,1,,,,,,,
610,26,6571.17,1,,,,,,,
611,26,6591.31,0,7.55,7.509,7.5,7.555,,7.531,7.563
612,26,6608.03,0,7.514,7.505,7.488,7.506,,7.517,7.476
613,26,6625.02,0,7.48,7.482,7.479,7.468,7.471,7.494,7.448
614,26,6627.54,0,7.571,7.549,7.577,7.538,7.577,7.568,7.51
615,26,6646.93,0,7.518,7.484,7.493,7.477,7.505,7.471,7.475
616,26,6653.85,0,7.542,7.552,7.527,7.546,7.561,7.526,7.489
617,26,6667.71,0,7.372,7.385,7.332,7.398,,7.356,7.406
618,26,6699.14,0,7.519,7.524,7.567,7.525,7.554,7.523,7.529
619,26,6704.48,1,,,,,,,
620,26,6705.1,0,7.274,7.307,7.282,7.299,7.269,7.307,7.249
621,26,6710.32,0,7.499,7.51,7.487,7.507,7.512,7.51,7.538
622,26,6713.05,0,,6.912,6.913,6.928,6.908,6.912,6.837
623,26,6713.74,0,7.586,7.586,7.621,7.562,7.59,7.583,7.562
624,26,6715.34,0,7.589,7.573,7.583,7.588,7.59,7.576,7.59
625,26,6725.36,0,7.37,7.347,7.357,7.36,7.355,7.367,7.339
626,26,6732.07,0,7.516,7.503,7.456,7.498,7.518,7.533,7.463
627,26,6733.15,0,7.59,7.58,7.591,7.581,7.59,7.576,7.56
628,26,6737.27,0,,7.19,,,7.387,7.233,
629,26,6737.99,0,7.527,7.547,7.573,7.557,7.579,7.552,7.637
630,26,6745.96,0,7.551,7.542,7.551,7.542,7.52,7.529,7.542
631,26,6746.95,0,7.553,7.55,7.542,7.564,7.549,7.567,7.508
632,26,6777.41,0,7.682,7.674,7.699,7.675,7.646,7.667,7.639
633,26,6783.7,1,,,,,,,
634,26,6786.43,0,7.531,7.533,,7.548,,7.549,7.515
635,26,6786.86,0,7.572,7.583,,7.605,7.594,7.583,7.573
636,26,6793.24,0,7.515,7.532,,7.529,7.533,7.531,7.59
637,26,6794.62,1,,,,,,,
638,26,6796.05,0,7.333,7.35,7.305,7.372,,7.336,7.256
639,26,6824.83,0,,7.47,7.53,,7.514,7.518,7.354
640,26,6837.01,0,7.52,7.506,7.506,7.513,,7.514,7.497
641,26,6839.83,0,7.503,7.495,7.482,7.496,,7.502,7.492
642,26,6842.68,0,7.572,7.575,7.556,7.585,7.572,7.595,7.537
643,26,6847.6,0,7.476,7.459,7.439,,7.477,7.459,7.575
644,26,6851.64,0,7.265,7.287,7.213,,7.356,7.272,7.343
645,26,6855.71,0,7.536,7.597,7.44,7.597,7.582,7.597,7.514
646,26,6857.25,0,7.507,7.503,7.49,7.508,7.511,7.512,7.504
647,26,6859.48,0,,7.229,,,7.211,7.308,7.172
648,26,6862.49,0,7.578,7.583,7.594,7.542,7.59,7.587,7.548
649,26,6864.31,0,7.492,7.518,7.502,7.653,,7.48,7.659
650,26,6880.63,0,7.447,7.467,7.475,7.463,,7.485,
651,26,6898.29,0,7.558,7.522,7.547,7.509,7.54,7.559,
652,26,6932.18,1,,,,,,,
653,26,6960.32,1,,,,,,,
654,26,6971.93,1,,,,,,,
655,26,6981.6,1,,,,,,,
656,26,7008.83,1,,,,,,,
657,26,7010.35,1,,,,,,,
658,26,7011.34,1,,,,,,,
659,26,7022.39,1,,,,,,,
660,26,7024.06,0,7.716,,7.646,,7.632,7.738,8.5
661,26,7031.39,1,,,,,,,
662,26,7038.77,0,7.625,7.683,7.627,,7.628,7.738,7.654
663,26,7044.64,1,,,,,,,
664,26,7066.17,1,,,,,,,
665,26,7069.53,0,7.47,7.43,7.443,7.4,,7.435,7.361
666,26,7072.8,0,7.531,7.463,7.609,,7.588,7.65,7.795
667,26,7079.35,0,,,7.511,,7.43,7.5,8.198
668,26,7082.15,1,,,,,,,
669,26,7083.4,0,7.603,7.585,7.62,7.584,6.511,7.619,7.497
670,26,7086.73,0,7.56,7.527,7.548,7.52,7.55,7.569,7.466
671,26,7093.08,0,7.57,7.592,7.513,7.786,7.546,7.519,7.694
672,26,7094.29,0,7.542,7.528,7.591,,7.621,7.526,7.866
673,26,7095.41,0,7.424,7.41,7.442,,,7.451,7.509
674,26,7103.15,1,,,,,,,
675,26,7107.46,0,7.505,7.47,7.469,,,7.484,7.501
676,26,7114.55,1,,,,,,,
677,26,7118.1,0,7.495,7.529,7.629,,,7.528,
678,26,7120.02,0,7.574,,7.579,7.693,7.637,7.601,
679,26,7124.99,1,,,,,,,
680,26,7148.73,0,7.336,7.333,7.28,,7.338,7.216,7.433
681,26,7155.63,0,7.296,7.36,7.28,,7.329,7.297,7.572
682,26,7162.34,0,7.356,,7.453,,7.454,7.425,8.008
683,26,7180,0,7.473,7.453,7.455,7.506,,7.448,
684,26,7212.44,0,7.327,7.313,7.301,,7.339,7.318,7.353
685,26,7268.57,1,,,,,,,
686,26,7285.28,1,,,,,,,
687,26,7300.53,0,7.454,,7.55,,7.426,7.562,8.499
688,26,7347.15,0,,7.34,,,7.34,7.591,7.98
689,26,7367.71,1,,,,,,,
690,26,7381.33,1,,,,,,,
691,26,7418.67,0,7.527,7.531,7.537,7.532,7.541,7.544,7.517
692,26,7421.56,1,,,,,,,7.861
693,26,7427.56,0,7.553,7.553,7.537,7.695,7.54,7.561,7.663
694,26,7430.79,0,7.57,7.562,7.586,7.553,7.562,7.603,7.519
695,26,7431.92,1,,,,,,,
696,26,7435.59,0,7.629,7.619,7.623,7.635,7.618,7.623,7.632
697,26,7440.91,1,,,,,,,7.591
698,26,7443.02,0,7.353,7.361,7.351,7.377,,7.355,7.339
699,26,7447.39,0,7.661,7.666,7.646,7.663,7.64,7.672,7.648
700,26,7449.38,0,7.477,7.477,7.442,7.481,7.502,7.477,7.462
701,26,7461.52,0,7.539,7.536,7.527,7.532,7.543,7.537,7.481
702,26,7463.38,0,7.469,7.488,7.448,7.468,7.498,7.499,7.485
703,26,7464.29,0,7.548,7.539,7.51,7.551,7.558,7.531,7.584
704,26,7482.22,0,7.503,7.509,7.566,7.519,7.508,7.497,7.5
705,26,7484.3,0,7.486,7.45,7.497,7.459,7.457,7.457,7.479
706,26,7498.53,0,7.534,7.53,,7.534,7.555,7.538,7.504
707,26,7504.27,0,,7.199,,7.196,7.241,7.223,7.147
708,26,7512.12,0,,7.24,,7.217,7.292,7.216,7.228
709,26,7514.2,0,7.352,7.357,,7.346,7.359,7.376,7.351
710,26,7528.15,0,7.361,7.39,7.4,,7.391,7.375,7.356
711,26,7537.43,0,7.486,7.539,7.582,,,7.553,7.399
712,26,7540.43,0,7.512,7.515,7.535,7.503,7.529,7.506,7.506
713,26,7547.9,0,7.77,7.748,7.74,7.746,,7.76,7.689
714,26,7563.01,0,7.78,7.774,7.768,7.787,,7.774,7.798
715,26,7696.81,1,,,,,,,
716,26,7719.05,0,7.642,7.637,7.628,7.63,7.637,7.642,7.574
717,26,7745.51,0,7.551,7.535,7.529,7.538,7.596,7.525,7.538
718,26,7802.47,0,7.669,7.674,7.602,7.661,7.694,7.667,7.662
719,26,7832.2,0,7.641,7.729,,7.752,7.681,7.774,7.674
720,26,7855.4,0,7.528,7.533,,7.589,7.539,7.513,7.53
721,26,7869.57,1,,,,,,,
722,26,7879.76,1,,,,,,,
723,26,7941.09,0,7.522,7.519,7.55,7.513,7.52,,7.232
724,26,7955.69,0,7.515,7.52,7.664,7.536,,,7.466
725,26,8046.05,1,,,,,,,8.498
726,26,8047.62,0,,7.402,,7.403,7.377,,7.343
727,26,8072.16,0,,7.446,,,7.447,,7.694
728,26,8075.15,0,7.41,7.406,,7.405,7.439,,7.354
729,26,8080.55,1,,,,,,,
730,26,8085.16,0,,,,,7.711,,8.498
731,26,8089.35,0,7.152,7.178,,7.21,7.176,,7.073
732,26,8112.16,1,,,,,,,8.495
733,26,8137.1,0,,7.34,,,,,
734,26,8202.16,0,,7.403,,,7.404,,7.579
735,26,8204.94,0,,,,,7.153,,8.079
736,26,8207.74,0,,7.442,,7.503,7.423,,7.411
737,26,8238.59,1,,,,,,,
738,26,8239.09,0,,7.28,,,7.311,,7.227
739,26,8300,1,,,,,,,
740,26,8320.17,1,,,,,,,
741,26,8346.75,1,,,,,,,
742,26,8358.52,0,,7.433,,7.423,7.46,,7.324
743,26,8360.79,0,,7.469,,7.455,7.5,,7.355
744,26,8365.63,0,,7.25,,7.239,7.28,,7.148
745,26,8382.24,0,,7.184,,,7.181,,7.306
746,26,8389.47,1,,,,,,,
747,26,8397.14,1,,,,,,,
748,26,8401.16,0,,7.474,,7.473,,,
749,26,8401.4,0,,7.467,,7.464,,,7.428
750,26,8401.66,0,,7.471,,7.477,7.488,,7.445
751,26,8424.14,0,7.606,7.598,,7.595,7.619,,7.616
752,26,8439.57,1,,,,,,,
753,26,8446.23,1,,,,,,,
754,26,8446.58,0,,7.323,,,7.33,,7.46
755,26,8447.64,0,,7.754,,7.798,7.787,,
756,26,8465.2,0,,7.484,,,7.473,,7.453
757,26,8468.41,0,,7.482,,,7.403,,7.409
758,26,8468.62,0,,7.371,,,7.314,,7.237
759,26,8471.74,0,,7.333,,7.334,7.332,,7.281
760,26,8480.63,0,,7.67,,7.736,7.694,,7.699
761,26,8481.98,0,7.061,7.055,,7.052,7.066,,6.997
762,26,8493.8,1,,,,,,,
763,26,8504.59,1,,,,,,,
764,26,8514.07,0,,7.242,,,7.238,,7.107
765,26,8515.11,0,,7.341,,7.351,7.338,,7.285
766,26,8517.08,0,,7.342,,7.23,7.388,,7.268
767,26,8567.79,0,,7.631,,7.66,7.599,,7.604
768,26,8571.8,0,7.465,7.458,,7.545,7.438,,7.471
769,26,8582.26,0,,7.322,,7.329,,,7.209
770,26,8587.94,0,,7.405,,,7.417,,7.333
771,26,8588.27,0,,7.416,,7.43,7.402,,7.377
772,26,8592.95,0,,7.815,,7.805,7.812,,7.751
773,26,8601.05,1,,,,,,,
774,26,8607.08,0,,7.479,,7.492,,,7.348
775,26,8610.61,0,,7.363,,7.452,7.365,,7.345
776,26,8611.8,0,,7.38,,7.406,7.414,,7.371
777,26,8613.94,0,,7.793,,7.791,7.804,,7.813
778,26,8616.25,0,7.184,7.199,,7.198,7.208,,7.089
779,26,8621.6,0,,7.394,,7.412,7.411,,7.401
780,26,8643.31,0,,7.365,,7.387,7.342,,7.384
781,26,8645.33,0,,7.383,,7.386,,,
782,26,8647.85,0,,7.776,,,,,7.829
783,26,8648.5,1,,,,,,,
784,26,8652.48,0,,7.45,,7.469,7.472,,7.458
785,26,8671.86,0,,7.456,,7.413,7.445,,7.484
786,26,8675.78,0,,7.498,,,7.442,,7.35
787,26,8677.06,0,,7.539,,,7.52,,
788,26,8678.93,1,,,,,,,
789,26,8679.63,0,7.799,,,,,,
790,26,8679.95,0,,7.846,,7.862,,,
791,26,8680.79,0,,7.266,,7.264,7.322,,7.365
792,26,8686.78,0,,7.758,,7.688,,,7.586
793,26,8688.62,0,,7.49,,7.481,7.453,,7.524
794,26,8689.7,0,,7.191,,7.169,7.173,,7.063
795,26,8698.71,0,,7.548,,7.54,7.931,,7.718
796,26,8710.39,0,,7.553,,7.556,7.521,,7.442
797,26,8711.57,1,,,,,,,
798,26,8713.19,0,,7.389,,7.356,7.36,,7.41
799,26,8729.14,1,,,,,,,
800,26,8747.42,0,,7.461,,7.46,,,7.406
801,26,8755.75,0,,7.859,,,7.849,,7.695
802,26,8757.19,0,,7.393,,7.381,7.397,,7.312
803,26,8763.97,0,,7.568,,,7.505,,7.44
804,26,8779.11,0,,7.58,,,7.607,,7.961
805,26,8784.44,0,,7.419,,7.401,7.436,,7.409
806,26,8784.77,0,,7.405,,7.37,,,
807,26,8790.52,0,,7.659,,7.652,7.645,,7.598
808,26,8796.48,0,,7.733,,7.733,7.747,,7.69
809,26,8798.07,0,,7.473,,7.481,7.465,,7.489
810,26,8805.43,1,,,,,,,
811,26,8808.17,0,,7.392,,7.385,7.39,,7.39
812,26,8816.89,0,,7.517,,7.503,7.529,,7.429
813,26,8819.45,0,,7.681,,7.845,7.795,,7.782
814,26,8824.22,0,,7.584,,7.538,7.539,,7.662
815,26,8824.44,1,,,,,,,
816,26,8826.07,0,,7.372,,,,,7.731
817,26,8828.09,0,,7.682,,7.69,7.69,,7.673
818,26,8834.02,0,,7.456,,7.46,7.468,,7.411
819,26,8846.74,0,,7.254,,7.263,7.26,,7.188
820,26,8866.52,0,,7.836,,,,,
821,26,8868.43,0,,7.624,,7.625,,,
822,26,8875.99,0,,7.476,,7.471,7.478,,7.273
823,26,8878.25,0,,7.489,,7.56,7.551,,
824,26,8887.11,0,,7.408,,,7.431,,
825,26,8891.13,0,,7.418,,7.402,,,7.437
826,26,8891.4,0,,7.383,,7.379,7.381,,7.41
827,26,8895.99,1,,,,,,,
828,26,8897.33,0,,7.691,,7.67,,,7.693
829,26,8905.99,0,,7.423,,7.437,7.446,,
830,26,8908.29,0,,7.472,,,,,
831,26,8920.01,0,,7.381,,,7.296,,7.879
832,26,8945.16,0,,7.37,,7.363,7.352,,7.221
833,26,8959.88,0,,7.736,,,7.827,,7.428
834,26,8978.2,0,,7.577,,,7.586,,
835,26,8984.02,1,,,,,,,
836,26,8984.89,1,,,,,,,
837,26,9010.59,0,,7.147,,,7.19,,
838,26,9019.74,0,,7.184,,,7.239,,
839,26,9036.75,0,,7.551,,7.521,7.521,,7.428
840,26,9070.41,0,,7.22,,,7.273,,
841,26,9084.19,0,,7.641,,,7.615,,7.142
842,26,9103.64,1,,,,,,,
843,26,10379.01,0,,,,,7.059,,
844,26,10395.81,1,,,,,,,
845,26,10423.04,0,,,,,7.438,,
846,26,10616.74,0,,,,7.736,,,
847,63,4205.04,1,,,,,,,
848,63,4522.58,1,,,,,,,
849,63,6049.51,1,,,,,,,
850,63,6645.06,0,0.15,0.092,0.133,0.099,0.133,0.167,0.005
851,63,7077.09,1,,,,,,,
852,63,7217.56,1,,,,,,,
